"id","ride_id","type","data","created_at","updated_at","deleted_at"
3194960260,37390468,"RIDECOORDS","23.7853095,90.4003216","2018-10-10 21:14:09","2018-10-10 21:14:09",NULL
3194962682,37390468,"RIDECOORDS","23.7853094,90.4003216","2018-10-10 21:14:13","2018-10-10 21:14:13",NULL
3194964783,37390468,"RIDECOORDS","23.7853094,90.4003216","2018-10-10 21:14:16","2018-10-10 21:14:16",NULL
3194969418,37390468,"RIDECOORDS","23.7853094,90.4003216","2018-10-10 21:14:24","2018-10-10 21:14:24",NULL
3194971498,37390468,"RIDECOORDS","23.7853094,90.4003216","2018-10-10 21:14:27","2018-10-10 21:14:27",NULL
3194973705,37390468,"RIDECOORDS","23.7853094,90.4003216","2018-10-10 21:14:31","2018-10-10 21:14:31",NULL
3194975762,37390468,"RIDECOORDS","23.7853094,90.4003216","2018-10-10 21:14:35","2018-10-10 21:14:35",NULL
3194978353,37390468,"RIDECOORDS","23.7853094,90.4003216","2018-10-10 21:14:39","2018-10-10 21:14:39",NULL
3194980149,37390468,"RIDECOORDS","23.7853094,90.4003216","2018-10-10 21:14:42","2018-10-10 21:14:42",NULL
3194982482,37390468,"RIDECOORDS","23.7853094,90.4003216","2018-10-10 21:14:46","2018-10-10 21:14:46",NULL
3194984031,37390468,"RIDECOORDS","23.7853094,90.4003216","2018-10-10 21:14:49","2018-10-10 21:14:49",NULL
3194986576,37390468,"RIDECOORDS","23.7853094,90.4003216","2018-10-10 21:14:53","2018-10-10 21:14:53",NULL
3194988241,37390468,"RIDECOORDS","23.7853094,90.4003216","2018-10-10 21:14:56","2018-10-10 21:14:56",NULL
3194990518,37390468,"RIDECOORDS","23.7854218,90.4003525","2018-10-10 21:15:00","2018-10-10 21:15:00",NULL
3194992434,37390468,"RIDECOORDS","23.7855198,90.4003671","2018-10-10 21:15:03","2018-10-10 21:15:03",NULL
3194994156,37390468,"RIDECOORDS","23.7855805,90.4003723","2018-10-10 21:15:06","2018-10-10 21:15:06",NULL
3194995887,37390468,"RIDECOORDS","23.7856026,90.4003742","2018-10-10 21:15:09","2018-10-10 21:15:09",NULL
3194998327,37390468,"RIDECOORDS","23.7858247,90.4004099","2018-10-10 21:15:14","2018-10-10 21:15:14",NULL
3195000040,37390468,"RIDECOORDS","23.7859156,90.4004287","2018-10-10 21:15:16","2018-10-10 21:15:16",NULL
3195002416,37390468,"RIDECOORDS","23.7859805,90.4004468","2018-10-10 21:15:20","2018-10-10 21:15:20",NULL
3195004450,37390468,"RIDECOORDS","23.7860047,90.4004525","2018-10-10 21:15:23","2018-10-10 21:15:23",NULL
3195006705,37390468,"RIDECOORDS","23.7860532,90.400485","2018-10-10 21:15:27","2018-10-10 21:15:27",NULL
3195008937,37390468,"RIDECOORDS","23.7860901,90.4005001","2018-10-10 21:15:31","2018-10-10 21:15:31",NULL
3195010563,37390468,"RIDECOORDS","23.7861829,90.4005268","2018-10-10 21:15:34","2018-10-10 21:15:34",NULL
3195012894,37390468,"RIDECOORDS","23.7864892,90.4005971","2018-10-10 21:15:38","2018-10-10 21:15:38",NULL
3195015151,37390468,"RIDECOORDS","23.7867264,90.4006605","2018-10-10 21:15:42","2018-10-10 21:15:42",NULL
3195017331,37390468,"RIDECOORDS","23.7870003,90.4007179","2018-10-10 21:15:46","2018-10-10 21:15:46",NULL
3195019173,37390468,"RIDECOORDS","23.7871634,90.400742","2018-10-10 21:15:49","2018-10-10 21:15:49",NULL
3195020812,37390468,"RIDECOORDS","23.7873325,90.4007598","2018-10-10 21:15:52","2018-10-10 21:15:52",NULL
3195022867,37390468,"RIDECOORDS","23.7874838,90.4007774","2018-10-10 21:15:56","2018-10-10 21:15:56",NULL
3195024621,37390468,"RIDECOORDS","23.7876153,90.4007922","2018-10-10 21:15:59","2018-10-10 21:15:59",NULL
3195026274,37390468,"RIDECOORDS","23.787627,90.4007939","2018-10-10 21:16:02","2018-10-10 21:16:02",NULL
3195028233,37390468,"RIDECOORDS","23.7876809,90.400809","2018-10-10 21:16:06","2018-10-10 21:16:06",NULL
3195030472,37390468,"RIDECOORDS","23.7877225,90.4008113","2018-10-10 21:16:10","2018-10-10 21:16:10",NULL
3195032896,37390468,"RIDECOORDS","23.7878652,90.4006856","2018-10-10 21:16:15","2018-10-10 21:16:15",NULL
3195035202,37390468,"RIDECOORDS","23.7879997,90.4003746","2018-10-10 21:16:18","2018-10-10 21:16:18",NULL
3195037129,37390468,"RIDECOORDS","23.7880055,90.400175","2018-10-10 21:16:22","2018-10-10 21:16:22",NULL
3195039212,37390468,"RIDECOORDS","23.7880142,90.4001245","2018-10-10 21:16:26","2018-10-10 21:16:26",NULL
3195041584,37390468,"RIDECOORDS","23.7880182,90.4000429","2018-10-10 21:16:31","2018-10-10 21:16:31",NULL
3195043422,37390468,"RIDECOORDS","23.7880128,90.4000124","2018-10-10 21:16:33","2018-10-10 21:16:33",NULL
3195045284,37390468,"RIDECOORDS","23.7880102,90.399998","2018-10-10 21:16:37","2018-10-10 21:16:37",NULL
3195047015,37390468,"RIDECOORDS","23.7880096,90.3999944","2018-10-10 21:16:41","2018-10-10 21:16:41",NULL
3195048922,37390468,"RIDECOORDS","23.7880093,90.399993","2018-10-10 21:16:43","2018-10-10 21:16:43",NULL
3195050279,37390468,"RIDECOORDS","23.7880093,90.3999929","2018-10-10 21:16:46","2018-10-10 21:16:46",NULL
3195052337,37390468,"RIDECOORDS","23.7880093,90.3999928","2018-10-10 21:16:49","2018-10-10 21:16:49",NULL
3195053994,37390468,"RIDECOORDS","23.7880093,90.3999928","2018-10-10 21:16:52","2018-10-10 21:16:52",NULL
3195056028,37390468,"RIDECOORDS","23.7880165,90.3999578","2018-10-10 21:16:56","2018-10-10 21:16:56",NULL
3195057813,37390468,"RIDECOORDS","23.7880591,90.3999234","2018-10-10 21:16:59","2018-10-10 21:16:59",NULL
3195060083,37390468,"RIDECOORDS","23.7883047,90.3999437","2018-10-10 21:17:04","2018-10-10 21:17:04",NULL
3195062004,37390468,"RIDECOORDS","23.7885486,90.399981","2018-10-10 21:17:07","2018-10-10 21:17:07",NULL
3195064241,37390468,"RIDECOORDS","23.7886271,90.3999912","2018-10-10 21:17:11","2018-10-10 21:17:11",NULL
3195066670,37390468,"RIDECOORDS","23.788669,90.4000006","2018-10-10 21:17:15","2018-10-10 21:17:15",NULL
3195069032,37390468,"RIDECOORDS","23.7887242,90.4000181","2018-10-10 21:17:19","2018-10-10 21:17:19",NULL
3195070745,37390468,"RIDECOORDS","23.7887563,90.4000257","2018-10-10 21:17:22","2018-10-10 21:17:22",NULL
3195072450,37390468,"RIDECOORDS","23.7887987,90.4000248","2018-10-10 21:17:25","2018-10-10 21:17:25",NULL
3195074230,37390468,"RIDECOORDS","23.7888656,90.4000278","2018-10-10 21:17:28","2018-10-10 21:17:28",NULL
3195075514,37390468,"RIDECOORDS","23.7889313,90.4000338","2018-10-10 21:17:31","2018-10-10 21:17:31",NULL
3195077783,37390468,"RIDECOORDS","23.7889688,90.4000414","2018-10-10 21:17:35","2018-10-10 21:17:35",NULL
3195079496,37390468,"RIDECOORDS","23.7889754,90.4000436","2018-10-10 21:17:38","2018-10-10 21:17:38",NULL
3195081676,37390468,"RIDECOORDS","23.788977,90.4000442","2018-10-10 21:17:41","2018-10-10 21:17:41",NULL
3195083475,37390468,"RIDECOORDS","23.7890359,90.4000572","2018-10-10 21:17:45","2018-10-10 21:17:45",NULL
3195085753,37390468,"RIDECOORDS","23.7890747,90.4000683","2018-10-10 21:17:49","2018-10-10 21:17:49",NULL
3195088608,37390468,"RIDECOORDS","23.7890747,90.4000683","2018-10-10 21:17:54","2018-10-10 21:17:54",NULL
3195088971,37390468,"RIDECOORDS","23.789079,90.4000693","2018-10-10 21:17:55","2018-10-10 21:17:55",NULL
3195096478,37390468,"RIDECOORDS","23.7891365,90.4000722","2018-10-10 21:18:08","2018-10-10 21:18:08",NULL
3195097168,37390468,"RIDECOORDS","23.7891365,90.4000722","2018-10-10 21:18:09","2018-10-10 21:18:09",NULL
3195098440,37390468,"RIDECOORDS","23.789173,90.4000819","2018-10-10 21:18:12","2018-10-10 21:18:12",NULL
3195098473,37390468,"RIDECOORDS","23.7891926,90.4000862","2018-10-10 21:18:12","2018-10-10 21:18:12",NULL
3195099838,37390468,"RIDECOORDS","23.7891954,90.4000868","2018-10-10 21:18:14","2018-10-10 21:18:14",NULL
3195103872,37390468,"RIDECOORDS","23.7892951,90.4000983","2018-10-10 21:18:21","2018-10-10 21:18:21",NULL
3195105350,37390468,"RIDECOORDS","23.7893832,90.4001144","2018-10-10 21:18:23","2018-10-10 21:18:23",NULL
3195107709,37390468,"RIDECOORDS","23.7893413,90.4001092","2018-10-10 21:18:28","2018-10-10 21:18:28",NULL
3195107933,37390468,"RIDECOORDS","23.7894273,90.4001234","2018-10-10 21:18:28","2018-10-10 21:18:28",NULL
3195108331,37390468,"RIDECOORDS","23.7892951,90.4000983","2018-10-10 21:18:29","2018-10-10 21:18:29",NULL
3195112086,37390468,"RIDECOORDS","23.7894421,90.4001252","2018-10-10 21:18:36","2018-10-10 21:18:36",NULL
3195112348,37390468,"RIDECOORDS","23.7895099,90.4001425","2018-10-10 21:18:36","2018-10-10 21:18:36",NULL
3195112612,37390468,"RIDECOORDS","23.7893413,90.4001092","2018-10-10 21:18:37","2018-10-10 21:18:37",NULL
3195114388,37390468,"RIDECOORDS","23.7894421,90.4001252","2018-10-10 21:18:40","2018-10-10 21:18:40",NULL
3195120401,37390468,"RIDECOORDS","23.789538,90.4001487","2018-10-10 21:18:51","2018-10-10 21:18:51",NULL
3195121435,37390468,"RIDECOORDS","23.789538,90.4001487","2018-10-10 21:18:53","2018-10-10 21:18:53",NULL
3195122218,37390468,"RIDECOORDS","23.7895443,90.4001501","2018-10-10 21:18:54","2018-10-10 21:18:54",NULL
3195124310,37390468,"RIDECOORDS","23.7897108,90.4001266","2018-10-10 21:18:58","2018-10-10 21:18:58",NULL
3195128415,37390468,"RIDECOORDS","23.7895943,90.4001388","2018-10-10 21:19:04","2018-10-10 21:19:04",NULL
3195130149,37390468,"RIDECOORDS","23.7895943,90.4001388","2018-10-10 21:19:08","2018-10-10 21:19:08",NULL
3195130729,37390468,"RIDECOORDS","23.7900644,90.4002468","2018-10-10 21:19:09","2018-10-10 21:19:09",NULL
3195131465,37390468,"RIDECOORDS","23.7901426,90.4002665","2018-10-10 21:19:10","2018-10-10 21:19:10",NULL
3195132050,37390468,"RIDECOORDS","23.7899688,90.4002177","2018-10-10 21:19:12","2018-10-10 21:19:12",NULL
3195132239,37390468,"RIDECOORDS","23.7898104,90.4001577","2018-10-10 21:19:12","2018-10-10 21:19:12",NULL
3195133708,37390468,"RIDECOORDS","23.7903926,90.4003138","2018-10-10 21:19:14","2018-10-10 21:19:14",NULL
3195133774,37390468,"RIDECOORDS","23.7899017,90.4001938","2018-10-10 21:19:14","2018-10-10 21:19:14",NULL
3195133789,37390468,"RIDECOORDS","23.7898104,90.4001577","2018-10-10 21:19:14","2018-10-10 21:19:14",NULL
3195135744,37390468,"RIDECOORDS","23.7905614,90.4003311","2018-10-10 21:19:18","2018-10-10 21:19:18",NULL
3195137210,37390468,"RIDECOORDS","23.7899688,90.4002177","2018-10-10 21:19:21","2018-10-10 21:19:21",NULL
3195137366,37390468,"RIDECOORDS","23.7908001,90.4003499","2018-10-10 21:19:21","2018-10-10 21:19:21",NULL
3195138992,37390468,"RIDECOORDS","23.7909515,90.4003657","2018-10-10 21:19:24","2018-10-10 21:19:24",NULL
3195141248,37390468,"RIDECOORDS","23.7911774,90.4003982","2018-10-10 21:19:29","2018-10-10 21:19:29",NULL
3195142593,37390468,"RIDECOORDS","23.7913649,90.4004426","2018-10-10 21:19:31","2018-10-10 21:19:31",NULL
3195144655,37390468,"RIDECOORDS","23.7917224,90.4005152","2018-10-10 21:19:35","2018-10-10 21:19:35",NULL
3195146696,37390468,"RIDECOORDS","23.7921477,90.4006044","2018-10-10 21:19:39","2018-10-10 21:19:39",NULL
3195148123,37390468,"RIDECOORDS","23.7924886,90.4006553","2018-10-10 21:19:42","2018-10-10 21:19:42",NULL
3195151259,37390468,"RIDECOORDS","23.7928143,90.4006855","2018-10-10 21:19:48","2018-10-10 21:19:48",NULL
3195151788,37390468,"RIDECOORDS","23.7931501,90.4007341","2018-10-10 21:19:49","2018-10-10 21:19:49",NULL
3195153629,37390468,"RIDECOORDS","23.7935837,90.4007903","2018-10-10 21:19:52","2018-10-10 21:19:52",NULL
3195155285,37390468,"RIDECOORDS","23.7938992,90.4008405","2018-10-10 21:19:55","2018-10-10 21:19:55",NULL
3195157089,37390468,"RIDECOORDS","23.7941893,90.4008799","2018-10-10 21:19:59","2018-10-10 21:19:59",NULL
3195161835,37390468,"RIDECOORDS","23.7944917,90.4009339","2018-10-10 21:20:08","2018-10-10 21:20:08",NULL
3195167786,37390468,"RIDECOORDS","23.7958534,90.4011599","2018-10-10 21:20:19","2018-10-10 21:20:19",NULL
3195168276,37390468,"RIDECOORDS","23.7944917,90.4009339","2018-10-10 21:20:20","2018-10-10 21:20:20",NULL
3195168639,37390468,"RIDECOORDS","23.795496,90.4011217","2018-10-10 21:20:21","2018-10-10 21:20:21",NULL
3195170791,37390468,"RIDECOORDS","23.7950782,90.4010651","2018-10-10 21:20:25","2018-10-10 21:20:25",NULL
3195171842,37390468,"RIDECOORDS","23.7962857,90.4012179","2018-10-10 21:20:27","2018-10-10 21:20:27",NULL
3195174314,37390468,"RIDECOORDS","23.7966194,90.4012758","2018-10-10 21:20:32","2018-10-10 21:20:32",NULL
3195174934,37390468,"RIDECOORDS","23.7962857,90.4012179","2018-10-10 21:20:33","2018-10-10 21:20:33",NULL
3195175766,37390468,"RIDECOORDS","23.7969368,90.4013359","2018-10-10 21:20:34","2018-10-10 21:20:34",NULL
3195178950,37390468,"RIDECOORDS","23.7980165,90.4015141","2018-10-10 21:20:40","2018-10-10 21:20:40",NULL
3195178996,37390468,"RIDECOORDS","23.7976917,90.4014639","2018-10-10 21:20:40","2018-10-10 21:20:40",NULL
3195180842,37390468,"RIDECOORDS","23.797257,90.4013913","2018-10-10 21:20:44","2018-10-10 21:20:44",NULL
3195180893,37390468,"RIDECOORDS","23.7966194,90.4012758","2018-10-10 21:20:44","2018-10-10 21:20:44",NULL
3195181387,37390468,"RIDECOORDS","23.7987595,90.4016247","2018-10-10 21:20:44","2018-10-10 21:20:44",NULL
3195181702,37390468,"RIDECOORDS","23.797257,90.4013913","2018-10-10 21:20:45","2018-10-10 21:20:45",NULL
3195182585,37390468,"RIDECOORDS","23.7976917,90.4014639","2018-10-10 21:20:47","2018-10-10 21:20:47",NULL
3195183682,37390468,"RIDECOORDS","23.7990883,90.4016727","2018-10-10 21:20:49","2018-10-10 21:20:49",NULL
3195185587,37390468,"RIDECOORDS","23.7993569,90.4017213","2018-10-10 21:20:52","2018-10-10 21:20:52",NULL
3195187379,37390468,"RIDECOORDS","23.7997354,90.4017873","2018-10-10 21:20:55","2018-10-10 21:20:55",NULL
3195189325,37390468,"RIDECOORDS","23.8000519,90.4018437","2018-10-10 21:20:59","2018-10-10 21:20:59",NULL
3195197989,37390468,"RIDECOORDS","23.8014047,90.4020565","2018-10-10 21:21:15","2018-10-10 21:21:15",NULL
3195200741,37390468,"RIDECOORDS","23.8007975,90.4019746","2018-10-10 21:21:21","2018-10-10 21:21:21",NULL
3195201528,37390468,"RIDECOORDS","23.8010913,90.402014","2018-10-10 21:21:22","2018-10-10 21:21:22",NULL
3195233348,37390468,"RIDECOORDS","23.8035153,90.4023639","2018-10-10 21:22:24","2018-10-10 21:22:24",NULL
3195236131,37390468,"RIDECOORDS","23.8035153,90.4023639","2018-10-10 21:22:29","2018-10-10 21:22:29",NULL
3195238990,37390468,"RIDECOORDS","23.8037032,90.4024263","2018-10-10 21:22:34","2018-10-10 21:22:34",NULL
3195239203,37390468,"RIDECOORDS","23.8037032,90.4024263","2018-10-10 21:22:34","2018-10-10 21:22:34",NULL
3195240382,37390468,"RIDECOORDS","23.8042534,90.4025657","2018-10-10 21:22:36","2018-10-10 21:22:36",NULL
3195242263,37390468,"RIDECOORDS","23.80457,90.4026317","2018-10-10 21:22:40","2018-10-10 21:22:40",NULL
3195243516,37390468,"RIDECOORDS","23.8049033,90.4026773","2018-10-10 21:22:42","2018-10-10 21:22:42",NULL
3195245158,37390468,"RIDECOORDS","23.8052614,90.402739","2018-10-10 21:22:45","2018-10-10 21:22:45",NULL
3195247062,37390468,"RIDECOORDS","23.8057985,90.4028315","2018-10-10 21:22:49","2018-10-10 21:22:49",NULL
3195249153,37390468,"RIDECOORDS","23.8063835,90.402913","2018-10-10 21:22:53","2018-10-10 21:22:53",NULL
3195251945,37390468,"RIDECOORDS","23.8070212,90.4030078","2018-10-10 21:22:59","2018-10-10 21:22:59",NULL
3195256290,37390468,"RIDECOORDS","23.8076721,90.4031067","2018-10-10 21:23:07","2018-10-10 21:23:07",NULL
3195261906,37390468,"RIDECOORDS","23.8076721,90.4031067","2018-10-10 21:23:18","2018-10-10 21:23:18",NULL
3195262853,37390468,"RIDECOORDS","23.8081648,90.4031869","2018-10-10 21:23:20","2018-10-10 21:23:20",NULL
3195263307,37390468,"RIDECOORDS","23.8102271,90.4035646","2018-10-10 21:23:21","2018-10-10 21:23:21",NULL
3195263528,37390468,"RIDECOORDS","23.8097356,90.4034734","2018-10-10 21:23:21","2018-10-10 21:23:21",NULL
3195264215,37390468,"RIDECOORDS","23.8093713,90.4033999","2018-10-10 21:23:23","2018-10-10 21:23:23",NULL
3195264357,37390468,"RIDECOORDS","23.8107422,90.4036623","2018-10-10 21:23:23","2018-10-10 21:23:23",NULL
3195264414,37390468,"RIDECOORDS","23.8093713,90.4033999","2018-10-10 21:23:23","2018-10-10 21:23:23",NULL
3195265960,37390468,"RIDECOORDS","23.8081648,90.4031869","2018-10-10 21:23:26","2018-10-10 21:23:26",NULL
3195266052,37390468,"RIDECOORDS","23.8097356,90.4034734","2018-10-10 21:23:26","2018-10-10 21:23:26",NULL
3195267487,37390468,"RIDECOORDS","23.8111789,90.4037345","2018-10-10 21:23:29","2018-10-10 21:23:29",NULL
3195267529,37390468,"RIDECOORDS","23.8087936,90.4032881","2018-10-10 21:23:29","2018-10-10 21:23:29",NULL
3195268728,37390468,"RIDECOORDS","23.8087936,90.4032881","2018-10-10 21:23:31","2018-10-10 21:23:31",NULL
3195271812,37390468,"RIDECOORDS","23.8117933,90.4038285","2018-10-10 21:23:37","2018-10-10 21:23:37",NULL
3195274634,37390468,"RIDECOORDS","23.8132813,90.4040559","2018-10-10 21:23:42","2018-10-10 21:23:42",NULL
3195275163,37390468,"RIDECOORDS","23.8123758,90.4039183","2018-10-10 21:23:44","2018-10-10 21:23:44",NULL
3195277825,37390468,"RIDECOORDS","23.8117933,90.4038285","2018-10-10 21:23:49","2018-10-10 21:23:49",NULL
3195278038,37390468,"RIDECOORDS","23.8139305,90.4041718","2018-10-10 21:23:49","2018-10-10 21:23:49",NULL
3195278097,37390468,"RIDECOORDS","23.8128054,90.4039867","2018-10-10 21:23:49","2018-10-10 21:23:49",NULL
3195279080,37390468,"RIDECOORDS","23.8128054,90.4039867","2018-10-10 21:23:51","2018-10-10 21:23:51",NULL
3195280729,37390468,"RIDECOORDS","23.8153136,90.4044651","2018-10-10 21:23:54","2018-10-10 21:23:54",NULL
3195281497,37390468,"RIDECOORDS","23.814416,90.4042555","2018-10-10 21:23:55","2018-10-10 21:23:55",NULL
3195281722,37390468,"RIDECOORDS","23.8148828,90.4043398","2018-10-10 21:23:56","2018-10-10 21:23:56",NULL
3195283389,37390468,"RIDECOORDS","23.81607,90.404876","2018-10-10 21:23:59","2018-10-10 21:23:59",NULL
3195284868,37390468,"RIDECOORDS","23.8163666,90.405158","2018-10-10 21:24:02","2018-10-10 21:24:02",NULL
3195285000,37390468,"RIDECOORDS","23.8139305,90.4041718","2018-10-10 21:24:03","2018-10-10 21:24:03",NULL
3195285461,37390468,"RIDECOORDS","23.8148828,90.4043398","2018-10-10 21:24:04","2018-10-10 21:24:04",NULL
3195286838,37390468,"RIDECOORDS","23.8166439,90.405535","2018-10-10 21:24:06","2018-10-10 21:24:06",NULL
3195288472,37390468,"RIDECOORDS","23.8167583,90.4057354","2018-10-10 21:24:09","2018-10-10 21:24:09",NULL
3195290254,37390468,"RIDECOORDS","23.8168235,90.4059187","2018-10-10 21:24:13","2018-10-10 21:24:13",NULL
3195292507,37390468,"RIDECOORDS","23.8169173,90.4061878","2018-10-10 21:24:17","2018-10-10 21:24:17",NULL
3195293886,37390468,"RIDECOORDS","23.8170093,90.4064954","2018-10-10 21:24:20","2018-10-10 21:24:20",NULL
3195295930,37390468,"RIDECOORDS","23.8170746,90.4069202","2018-10-10 21:24:24","2018-10-10 21:24:24",NULL
3195297796,37390468,"RIDECOORDS","23.8170833,90.4071977","2018-10-10 21:24:28","2018-10-10 21:24:28",NULL
3195300073,37390468,"RIDECOORDS","23.8170789,90.4074667","2018-10-10 21:24:31","2018-10-10 21:24:31",NULL
3195300990,37390468,"RIDECOORDS","23.8170702,90.4078223","2018-10-10 21:24:34","2018-10-10 21:24:34",NULL
3195302710,37390468,"RIDECOORDS","23.8170481,90.4082456","2018-10-10 21:24:37","2018-10-10 21:24:37",NULL
3195304874,37390468,"RIDECOORDS","23.8170036,90.4088568","2018-10-10 21:24:41","2018-10-10 21:24:41",NULL
3195306180,37390468,"RIDECOORDS","23.8169825,90.4092614","2018-10-10 21:24:44","2018-10-10 21:24:44",NULL
3195315086,37390468,"RIDECOORDS","23.8169081,90.4103239","2018-10-10 21:25:02","2018-10-10 21:25:02",NULL
3195319339,37390468,"RIDECOORDS","23.8168941,90.4112035","2018-10-10 21:25:10","2018-10-10 21:25:10",NULL
3195319587,37390468,"RIDECOORDS","23.8169081,90.4103239","2018-10-10 21:25:10","2018-10-10 21:25:10",NULL
3195320768,37390468,"RIDECOORDS","23.8169628,90.4116238","2018-10-10 21:25:13","2018-10-10 21:25:13",NULL
3195321956,37390468,"RIDECOORDS","23.8177975,90.4132343","2018-10-10 21:25:15","2018-10-10 21:25:15",NULL
3195322393,37390468,"RIDECOORDS","23.8173214,90.4125111","2018-10-10 21:25:16","2018-10-10 21:25:16",NULL
3195322567,37390468,"RIDECOORDS","23.8169628,90.4116238","2018-10-10 21:25:17","2018-10-10 21:25:17",NULL
3195323278,37390468,"RIDECOORDS","23.8181144,90.413664","2018-10-10 21:25:18","2018-10-10 21:25:18",NULL
3195323999,37390468,"RIDECOORDS","23.8168829,90.4108345","2018-10-10 21:25:20","2018-10-10 21:25:20",NULL
3195324262,37390468,"RIDECOORDS","23.8168829,90.4108345","2018-10-10 21:25:20","2018-10-10 21:25:20",NULL
3195324800,37390468,"RIDECOORDS","23.8170994,90.4120479","2018-10-10 21:25:21","2018-10-10 21:25:21",NULL
3195324828,37390468,"RIDECOORDS","23.8170994,90.4120479","2018-10-10 21:25:20","2018-10-10 21:25:20",NULL
3195325490,37390468,"RIDECOORDS","23.8184343,90.4141161","2018-10-10 21:25:22","2018-10-10 21:25:22",NULL
3195329621,37390468,"RIDECOORDS","23.8186646,90.4144704","2018-10-10 21:25:30","2018-10-10 21:25:30",NULL
3195329965,37390468,"RIDECOORDS","23.8187677,90.4146473","2018-10-10 21:25:31","2018-10-10 21:25:31",NULL
3195331114,37390468,"RIDECOORDS","23.8188948,90.414829","2018-10-10 21:25:33","2018-10-10 21:25:33",NULL
3195332375,37390468,"RIDECOORDS","23.8186646,90.4144704","2018-10-10 21:25:36","2018-10-10 21:25:36",NULL
3195333044,37390468,"RIDECOORDS","23.8191319,90.415143","2018-10-10 21:25:37","2018-10-10 21:25:37",NULL
3195334545,37390468,"RIDECOORDS","23.8193304,90.4154458","2018-10-10 21:25:40","2018-10-10 21:25:40",NULL
3195336037,37390468,"RIDECOORDS","23.8195386,90.4157875","2018-10-10 21:25:43","2018-10-10 21:25:43",NULL
3195337511,37390468,"RIDECOORDS","23.8197465,90.4161417","2018-10-10 21:25:46","2018-10-10 21:25:46",NULL
3195340908,37390468,"RIDECOORDS","23.8203226,90.4170073","2018-10-10 21:25:53","2018-10-10 21:25:53",NULL
3195342510,37390468,"RIDECOORDS","23.8205784,90.4174186","2018-10-10 21:25:56","2018-10-10 21:25:56",NULL
3195343796,37390468,"RIDECOORDS","23.8208386,90.4178329","2018-10-10 21:25:59","2018-10-10 21:25:59",NULL
3195345885,37390468,"RIDECOORDS","23.8212072,90.4183897","2018-10-10 21:26:03","2018-10-10 21:26:03",NULL
3195347866,37390468,"RIDECOORDS","23.8215783,90.4188822","2018-10-10 21:26:07","2018-10-10 21:26:07",NULL
3195349325,37390468,"RIDECOORDS","23.8218857,90.4192005","2018-10-10 21:26:10","2018-10-10 21:26:10",NULL
3195350801,37390468,"RIDECOORDS","23.822275,90.4194986","2018-10-10 21:26:13","2018-10-10 21:26:13",NULL
3195352383,37390468,"RIDECOORDS","23.8226838,90.4197623","2018-10-10 21:26:16","2018-10-10 21:26:16",NULL
3195353691,37390468,"RIDECOORDS","23.8230919,90.4199875","2018-10-10 21:26:19","2018-10-10 21:26:19",NULL
3195355599,37390468,"RIDECOORDS","23.8236856,90.4202307","2018-10-10 21:26:23","2018-10-10 21:26:23",NULL
3195357504,37390468,"RIDECOORDS","23.8241824,90.4203614","2018-10-10 21:26:26","2018-10-10 21:26:26",NULL
3195359319,37390468,"RIDECOORDS","23.8248363,90.4204507","2018-10-10 21:26:30","2018-10-10 21:26:30",NULL
3195360319,37390468,"RIDECOORDS","23.8252577,90.4204676","2018-10-10 21:26:33","2018-10-10 21:26:33",NULL
3195362161,37390468,"RIDECOORDS","23.8258136,90.4204464","2018-10-10 21:26:37","2018-10-10 21:26:37",NULL
3195364129,37390468,"RIDECOORDS","23.8263607,90.4203651","2018-10-10 21:26:41","2018-10-10 21:26:41",NULL
3195365475,37390468,"RIDECOORDS","23.8267118,90.4203027","2018-10-10 21:26:44","2018-10-10 21:26:44",NULL
3195367656,37390468,"RIDECOORDS","23.8271363,90.4202118","2018-10-10 21:26:48","2018-10-10 21:26:48",NULL
3195369109,37390468,"RIDECOORDS","23.8274137,90.420147","2018-10-10 21:26:51","2018-10-10 21:26:51",NULL
3195370434,37390468,"RIDECOORDS","23.8276965,90.4200855","2018-10-10 21:26:54","2018-10-10 21:26:54",NULL
3195372389,37390468,"RIDECOORDS","23.8281011,90.4200061","2018-10-10 21:26:58","2018-10-10 21:26:58",NULL
3195374320,37390468,"RIDECOORDS","23.8283935,90.4199533","2018-10-10 21:27:02","2018-10-10 21:27:02",NULL
3195377272,37390468,"RIDECOORDS","23.8285562,90.419938","2018-10-10 21:27:07","2018-10-10 21:27:07",NULL
3195377627,37390468,"RIDECOORDS","23.8286413,90.4199199","2018-10-10 21:27:09","2018-10-10 21:27:09",NULL
3195379972,37390468,"RIDECOORDS","23.8287211,90.419924","2018-10-10 21:27:13","2018-10-10 21:27:13",NULL
3195382230,37390468,"RIDECOORDS","23.8289412,90.4198852","2018-10-10 21:27:17","2018-10-10 21:27:17",NULL
3195387185,37390468,"RIDECOORDS","23.8291239,90.4198386","2018-10-10 21:27:20","2018-10-10 21:27:20",NULL
3195392062,37390468,"RIDECOORDS","23.8297641,90.4197299","2018-10-10 21:27:37","2018-10-10 21:27:37",NULL
3195392092,37390468,"RIDECOORDS","23.8291239,90.4198386","2018-10-10 21:27:37","2018-10-10 21:27:37",NULL
3195392613,37390468,"RIDECOORDS","23.829451,90.4197885","2018-10-10 21:27:38","2018-10-10 21:27:38",NULL
3195394028,37390468,"RIDECOORDS","23.8302006,90.4196175","2018-10-10 21:27:41","2018-10-10 21:27:41",NULL
3195394547,37390468,"RIDECOORDS","23.8307436,90.4195072","2018-10-10 21:27:42","2018-10-10 21:27:42",NULL
3195395128,37390468,"RIDECOORDS","23.8317402,90.4193398","2018-10-10 21:27:43","2018-10-10 21:27:43",NULL
3195396281,37390468,"RIDECOORDS","23.8302006,90.4196175","2018-10-10 21:27:46","2018-10-10 21:27:46",NULL
3195396681,37390468,"RIDECOORDS","23.832118,90.4192969","2018-10-10 21:27:45","2018-10-10 21:27:45",NULL
3195398397,37390468,"RIDECOORDS","23.8307436,90.4195072","2018-10-10 21:27:50","2018-10-10 21:27:50",NULL
3195400135,37390468,"RIDECOORDS","23.8332003,90.4191408","2018-10-10 21:27:53","2018-10-10 21:27:53",NULL
3195404010,37390468,"RIDECOORDS","23.8343338,90.4189393","2018-10-10 21:28:01","2018-10-10 21:28:01",NULL
3195405993,37390468,"RIDECOORDS","23.8348688,90.4188522","2018-10-10 21:28:05","2018-10-10 21:28:05",NULL
3195407917,37390468,"RIDECOORDS","23.8352598,90.4187849","2018-10-10 21:28:08","2018-10-10 21:28:08",NULL
3195409886,37390468,"RIDECOORDS","23.8357884,90.4186766","2018-10-10 21:28:12","2018-10-10 21:28:12",NULL
3195411898,37390468,"RIDECOORDS","23.8362102,90.4185775","2018-10-10 21:28:16","2018-10-10 21:28:16",NULL
3195413212,37390468,"RIDECOORDS","23.8365515,90.4184824","2018-10-10 21:28:19","2018-10-10 21:28:19",NULL
3195414939,37390468,"RIDECOORDS","23.836976,90.4183685","2018-10-10 21:28:22","2018-10-10 21:28:22",NULL
3195417004,37390468,"RIDECOORDS","23.8374997,90.4182172","2018-10-10 21:28:26","2018-10-10 21:28:26",NULL
3195419016,37390468,"RIDECOORDS","23.8380607,90.4180212","2018-10-10 21:28:30","2018-10-10 21:28:30",NULL
3195420946,37390468,"RIDECOORDS","23.8385734,90.4178135","2018-10-10 21:28:35","2018-10-10 21:28:35",NULL
3195422317,37390468,"RIDECOORDS","23.8389447,90.4176354","2018-10-10 21:28:37","2018-10-10 21:28:37",NULL
3195423638,37390468,"RIDECOORDS","23.8392981,90.4174338","2018-10-10 21:28:40","2018-10-10 21:28:40",NULL
3195425547,37390468,"RIDECOORDS","23.839728,90.4171811","2018-10-10 21:28:44","2018-10-10 21:28:44",NULL
3195427697,37390468,"RIDECOORDS","23.8401635,90.416914","2018-10-10 21:28:48","2018-10-10 21:28:48",NULL
3195429250,37390468,"RIDECOORDS","23.8405101,90.4166922","2018-10-10 21:28:51","2018-10-10 21:28:51",NULL
3195431075,37390468,"RIDECOORDS","23.8409959,90.4163508","2018-10-10 21:28:55","2018-10-10 21:28:55",NULL
3195433090,37390468,"RIDECOORDS","23.8414819,90.4159648","2018-10-10 21:28:59","2018-10-10 21:28:59",NULL
3195434584,37390468,"RIDECOORDS","23.8417775,90.4157122","2018-10-10 21:29:02","2018-10-10 21:29:02",NULL
3195436421,37390468,"RIDECOORDS","23.8421735,90.415382","2018-10-10 21:29:06","2018-10-10 21:29:06",NULL
3195437945,37390468,"RIDECOORDS","23.8424563,90.415155","2018-10-10 21:29:09","2018-10-10 21:29:09",NULL
3195439624,37390468,"RIDECOORDS","23.8427771,90.414898","2018-10-10 21:29:12","2018-10-10 21:29:12",NULL
3195442169,37390468,"RIDECOORDS","23.8431818,90.4145625","2018-10-10 21:29:16","2018-10-10 21:29:16",NULL
3195447593,37390468,"RIDECOORDS","23.8439676,90.4138904","2018-10-10 21:29:29","2018-10-10 21:29:29",NULL
3195449258,37390468,"RIDECOORDS","23.8447915,90.4131902","2018-10-10 21:29:32","2018-10-10 21:29:32",NULL
3195450908,37390468,"RIDECOORDS","23.8435681,90.4142337","2018-10-10 21:29:36","2018-10-10 21:29:36",NULL
3195454182,37390468,"RIDECOORDS","23.8451934,90.4128535","2018-10-10 21:29:42","2018-10-10 21:29:42",NULL
3195454239,37390468,"RIDECOORDS","23.8443777,90.4135364","2018-10-10 21:29:43","2018-10-10 21:29:43",NULL
3195454623,37390468,"RIDECOORDS","23.8435681,90.4142337","2018-10-10 21:29:43","2018-10-10 21:29:43",NULL
3195454742,37390468,"RIDECOORDS","23.8451934,90.4128535","2018-10-10 21:29:44","2018-10-10 21:29:44",NULL
3195456326,37390468,"RIDECOORDS","23.8456286,90.4124983","2018-10-10 21:29:47","2018-10-10 21:29:47",NULL
3195461178,37390468,"RIDECOORDS","23.8462123,90.4119822","2018-10-10 21:29:58","2018-10-10 21:29:58",NULL
3195463619,37390468,"RIDECOORDS","23.8468249,90.4114684","2018-10-10 21:30:03","2018-10-10 21:30:03",NULL
3195463848,37390468,"RIDECOORDS","23.8462123,90.4119822","2018-10-10 21:30:03","2018-10-10 21:30:03",NULL
3195463964,37390468,"RIDECOORDS","23.8468249,90.4114684","2018-10-10 21:30:04","2018-10-10 21:30:04",NULL
3195464469,37390468,"RIDECOORDS","23.8464632,90.4117596","2018-10-10 21:30:05","2018-10-10 21:30:05",NULL
3195466344,37390468,"RIDECOORDS","23.8478968,90.4105939","2018-10-10 21:30:09","2018-10-10 21:30:09",NULL
3195467510,37390468,"RIDECOORDS","23.8481627,90.4103927","2018-10-10 21:30:12","2018-10-10 21:30:12",NULL
3195467778,37390468,"RIDECOORDS","23.8471066,90.4112358","2018-10-10 21:30:12","2018-10-10 21:30:12",NULL
3195469409,37390468,"RIDECOORDS","23.8471066,90.4112358","2018-10-10 21:30:16","2018-10-10 21:30:16",NULL
3195472386,37390468,"RIDECOORDS","23.8487081,90.4099363","2018-10-10 21:30:22","2018-10-10 21:30:22",NULL
3195472827,37390468,"RIDECOORDS","23.8488614,90.4098054","2018-10-10 21:30:23","2018-10-10 21:30:23",NULL
3195473932,37390468,"RIDECOORDS","23.8489654,90.4097218","2018-10-10 21:30:25","2018-10-10 21:30:25",NULL
3195481252,37390468,"RIDECOORDS","23.8494252,90.4093398","2018-10-10 21:30:42","2018-10-10 21:30:42",NULL
3195482720,37390468,"RIDECOORDS","23.8499023,90.4088954","2018-10-10 21:30:45","2018-10-10 21:30:45",NULL
3195482831,37390468,"RIDECOORDS","23.8494252,90.4093398","2018-10-10 21:30:45","2018-10-10 21:30:45",NULL
3195483324,37390468,"RIDECOORDS","23.8497892,90.4090065","2018-10-10 21:30:46","2018-10-10 21:30:46",NULL
3195483760,37390468,"RIDECOORDS","23.8497892,90.4090065","2018-10-10 21:30:47","2018-10-10 21:30:47",NULL
3195483842,37390468,"RIDECOORDS","23.8495886,90.4091961","2018-10-10 21:30:47","2018-10-10 21:30:47",NULL
3195485284,37390468,"RIDECOORDS","23.8501445,90.4086472","2018-10-10 21:30:51","2018-10-10 21:30:51",NULL
3195486017,37390468,"RIDECOORDS","23.8495886,90.4091961","2018-10-10 21:30:52","2018-10-10 21:30:52",NULL
3195486730,37390468,"RIDECOORDS","23.8502901,90.408488","2018-10-10 21:30:53","2018-10-10 21:30:53",NULL
3195490350,37390468,"RIDECOORDS","23.8504927,90.4082958","2018-10-10 21:31:01","2018-10-10 21:31:01",NULL
3195494655,37390468,"RIDECOORDS","23.8504927,90.4082958","2018-10-10 21:31:11","2018-10-10 21:31:11",NULL
3195494682,37390468,"RIDECOORDS","23.8506582,90.4082144","2018-10-10 21:31:11","2018-10-10 21:31:11",NULL
3195495798,37390468,"RIDECOORDS","23.8512718,90.407853","2018-10-10 21:31:13","2018-10-10 21:31:13",NULL
3195499369,37390468,"RIDECOORDS","23.8515234,90.4076459","2018-10-10 21:31:21","2018-10-10 21:31:21",NULL
3195499964,37390468,"RIDECOORDS","23.8515234,90.4076459","2018-10-10 21:31:23","2018-10-10 21:31:23",NULL
3195500592,37390468,"RIDECOORDS","23.8508861,90.4080858","2018-10-10 21:31:24","2018-10-10 21:31:24",NULL
3195501316,37390468,"RIDECOORDS","23.8519029,90.4073103","2018-10-10 21:31:26","2018-10-10 21:31:26",NULL
3195501936,37390468,"RIDECOORDS","23.851715,90.4074742","2018-10-10 21:31:27","2018-10-10 21:31:27",NULL
3195505532,37390468,"RIDECOORDS","23.851715,90.4074742","2018-10-10 21:31:35","2018-10-10 21:31:35",NULL
3195506410,37390468,"RIDECOORDS","23.8523442,90.4069521","2018-10-10 21:31:37","2018-10-10 21:31:37",NULL
3195508379,37390468,"RIDECOORDS","23.8521501,90.4071026","2018-10-10 21:31:42","2018-10-10 21:31:42",NULL
3195510526,37390468,"RIDECOORDS","23.8526705,90.4066825","2018-10-10 21:31:47","2018-10-10 21:31:47",NULL
3195512000,37390468,"RIDECOORDS","23.8530039,90.4063924","2018-10-10 21:31:50","2018-10-10 21:31:50",NULL
3195512344,37390468,"RIDECOORDS","23.8532626,90.4061667","2018-10-10 21:31:51","2018-10-10 21:31:51",NULL
3195512525,37390468,"RIDECOORDS","23.8535168,90.4059507","2018-10-10 21:31:51","2018-10-10 21:31:51",NULL
3195513113,37390468,"RIDECOORDS","23.8538732,90.4056559","2018-10-10 21:31:52","2018-10-10 21:31:52",NULL
3195513791,37390468,"RIDECOORDS","23.8541259,90.4054481","2018-10-10 21:31:54","2018-10-10 21:31:54",NULL
3195514083,37390468,"RIDECOORDS","23.8543625,90.4052538","2018-10-10 21:31:54","2018-10-10 21:31:54",NULL
3195515980,37390468,"RIDECOORDS","23.8535168,90.4059507","2018-10-10 21:31:59","2018-10-10 21:31:59",NULL
3195517695,37390468,"RIDECOORDS","23.8546351,90.4050222","2018-10-10 21:32:02","2018-10-10 21:32:02",NULL
3195518101,37390468,"RIDECOORDS","23.8548318,90.404859","2018-10-10 21:32:03","2018-10-10 21:32:03",NULL
3195519361,37390468,"RIDECOORDS","23.8549289,90.4047986","2018-10-10 21:32:06","2018-10-10 21:32:06",NULL
3195520325,37390468,"RIDECOORDS","23.8546351,90.4050222","2018-10-10 21:32:08","2018-10-10 21:32:08",NULL
3195523967,37390468,"RIDECOORDS","23.8550757,90.4047124","2018-10-10 21:32:16","2018-10-10 21:32:16",NULL
3195527163,37390468,"RIDECOORDS","23.8552562,90.4045596","2018-10-10 21:32:23","2018-10-10 21:32:23",NULL
3195527502,37390468,"RIDECOORDS","23.8562581,90.403628","2018-10-10 21:32:23","2018-10-10 21:32:23",NULL
3195528672,37390468,"RIDECOORDS","23.8558742,90.4039571","2018-10-10 21:32:26","2018-10-10 21:32:26",NULL
3195529085,37390468,"RIDECOORDS","23.8554957,90.4043332","2018-10-10 21:32:27","2018-10-10 21:32:27",NULL
3195529599,37390468,"RIDECOORDS","23.8558742,90.4039571","2018-10-10 21:32:28","2018-10-10 21:32:28",NULL
3195529800,37390468,"RIDECOORDS","23.8566791,90.4032613","2018-10-10 21:32:28","2018-10-10 21:32:28",NULL
3195531185,37390468,"RIDECOORDS","23.857148,90.4028653","2018-10-10 21:32:31","2018-10-10 21:32:31",NULL
3195534994,37390468,"RIDECOORDS","23.8576714,90.4024448","2018-10-10 21:32:39","2018-10-10 21:32:39",NULL
3195535244,37390468,"RIDECOORDS","23.8582046,90.4020095","2018-10-10 21:32:40","2018-10-10 21:32:40",NULL
3195536526,37390468,"RIDECOORDS","23.8576714,90.4024448","2018-10-10 21:32:35","2018-10-10 21:32:35",NULL
3195537062,37390468,"RIDECOORDS","23.8585996,90.4016943","2018-10-10 21:32:42","2018-10-10 21:32:42",NULL
3195537856,37390468,"RIDECOORDS","23.8589541,90.4014315","2018-10-10 21:32:45","2018-10-10 21:32:45",NULL
3195544387,37390468,"RIDECOORDS","23.8596692,90.4008641","2018-10-10 21:32:59","2018-10-10 21:32:59",NULL
3195545771,37390468,"RIDECOORDS","23.8601792,90.4004886","2018-10-10 21:33:02","2018-10-10 21:33:02",NULL
3195547055,37390468,"RIDECOORDS","23.8596692,90.4008641","2018-10-10 21:33:04","2018-10-10 21:33:04",NULL
3195549440,37390468,"RIDECOORDS","23.8599334,90.4006607","2018-10-10 21:33:09","2018-10-10 21:33:09",NULL
3195549765,37390468,"RIDECOORDS","23.8603644,90.4003686","2018-10-10 21:33:09","2018-10-10 21:33:09",NULL
3195550969,37390468,"RIDECOORDS","23.8603644,90.4003686","2018-10-10 21:33:12","2018-10-10 21:33:12",NULL
3195554315,37390468,"RIDECOORDS","23.8610005,90.4001018","2018-10-10 21:33:19","2018-10-10 21:33:19",NULL
3195554526,37390468,"RIDECOORDS","23.8599334,90.4006607","2018-10-10 21:33:20","2018-10-10 21:33:20",NULL
3195556853,37390468,"RIDECOORDS","23.8611321,90.4000889","2018-10-10 21:33:24","2018-10-10 21:33:24",NULL
3195557454,37390468,"RIDECOORDS","23.8613231,90.4000595","2018-10-10 21:33:26","2018-10-10 21:33:26",NULL
3195557622,37390468,"RIDECOORDS","23.8605955,90.400236","2018-10-10 21:33:27","2018-10-10 21:33:27",NULL
3195558320,37390468,"RIDECOORDS","23.8605955,90.400236","2018-10-10 21:33:28","2018-10-10 21:33:28",NULL
3195558577,37390468,"RIDECOORDS","23.8608534,90.4001444","2018-10-10 21:33:29","2018-10-10 21:33:29",NULL
3195559504,37390468,"RIDECOORDS","23.8611321,90.4000889","2018-10-10 21:33:31","2018-10-10 21:33:31",NULL
3195562254,37390468,"RIDECOORDS","23.8618441,90.3999633","2018-10-10 21:33:37","2018-10-10 21:33:37",NULL
3195566027,37390468,"RIDECOORDS","23.8618441,90.3999633","2018-10-10 21:33:45","2018-10-10 21:33:45",NULL
3195566949,37390468,"RIDECOORDS","23.862971,90.399891","2018-10-10 21:33:47","2018-10-10 21:33:47",NULL
3195568236,37390468,"RIDECOORDS","23.8622168,90.3998968","2018-10-10 21:33:50","2018-10-10 21:33:50",NULL
3195571178,37390468,"RIDECOORDS","23.8626225,90.3998815","2018-10-10 21:33:57","2018-10-10 21:33:57",NULL
3195571966,37390468,"RIDECOORDS","23.863392,90.3999017","2018-10-10 21:33:58","2018-10-10 21:33:58",NULL
3195572240,37390468,"RIDECOORDS","23.8622168,90.3998968","2018-10-10 21:33:59","2018-10-10 21:33:59",NULL
3195573326,37390468,"RIDECOORDS","23.8638709,90.3999206","2018-10-10 21:34:02","2018-10-10 21:34:02",NULL
3195575092,37390468,"RIDECOORDS","23.8644402,90.3999989","2018-10-10 21:34:05","2018-10-10 21:34:05",NULL
3195576137,37390468,"RIDECOORDS","23.8642211,90.3999806","2018-10-10 21:34:08","2018-10-10 21:34:08",NULL
3195577167,37390468,"RIDECOORDS","23.8642211,90.3999806","2018-10-10 21:34:10","2018-10-10 21:34:10",NULL
3195577419,37390468,"RIDECOORDS","23.8640152,90.39994","2018-10-10 21:34:10","2018-10-10 21:34:10",NULL
3195580320,37390468,"RIDECOORDS","23.8647531,90.400021","2018-10-10 21:34:17","2018-10-10 21:34:17",NULL
3195583376,37390468,"RIDECOORDS","23.8647531,90.400021","2018-10-10 21:34:24","2018-10-10 21:34:24",NULL
3195585535,37390468,"RIDECOORDS","23.8649987,90.4000417","2018-10-10 21:34:29","2018-10-10 21:34:29",NULL
3195585719,37390468,"RIDECOORDS","23.865387,90.4000591","2018-10-10 21:34:29","2018-10-10 21:34:29",NULL
3195585753,37390468,"RIDECOORDS","23.865387,90.4000591","2018-10-10 21:34:29","2018-10-10 21:34:29",NULL
3195586105,37390468,"RIDECOORDS","23.8666061,90.4001057","2018-10-10 21:34:30","2018-10-10 21:34:30",NULL
3195587283,37390468,"RIDECOORDS","23.8669435,90.4001252","2018-10-10 21:34:32","2018-10-10 21:34:32",NULL
3195589096,37390468,"RIDECOORDS","23.8657109,90.400057","2018-10-10 21:34:35","2018-10-10 21:34:35",NULL
3195591342,37390468,"RIDECOORDS","23.8672485,90.4001429","2018-10-10 21:34:42","2018-10-10 21:34:42",NULL
3195598163,37390468,"RIDECOORDS","23.8675861,90.4001814","2018-10-10 21:34:57","2018-10-10 21:34:57",NULL
3195599576,37390468,"RIDECOORDS","23.867798,90.4002249","2018-10-10 21:35:01","2018-10-10 21:35:01",NULL
3195599865,37390468,"RIDECOORDS","23.8681056,90.4002282","2018-10-10 21:35:01","2018-10-10 21:35:01",NULL
3195601965,37390468,"RIDECOORDS","23.8677048,90.4002097","2018-10-10 21:35:06","2018-10-10 21:35:06",NULL
3195602498,37390468,"RIDECOORDS","23.8675861,90.4001814","2018-10-10 21:35:08","2018-10-10 21:35:08",NULL
3195603091,37390468,"RIDECOORDS","23.8678649,90.4002343","2018-10-10 21:35:09","2018-10-10 21:35:09",NULL
3195603200,37390468,"RIDECOORDS","23.868411,90.4002502","2018-10-10 21:35:09","2018-10-10 21:35:09",NULL
3195604266,37390468,"RIDECOORDS","23.8685865,90.4002525","2018-10-10 21:35:12","2018-10-10 21:35:12",NULL
3195606810,37390468,"RIDECOORDS","23.8682293,90.4002274","2018-10-10 21:35:18","2018-10-10 21:35:18",NULL
3195610379,37390468,"RIDECOORDS","23.8687845,90.4002316","2018-10-10 21:35:26","2018-10-10 21:35:26",NULL
3195658386,37390468,"RIDECOORDS","23.8710135,90.4003602","2018-10-10 21:37:12","2018-10-10 21:37:12",NULL
3195658702,37390468,"RIDECOORDS","23.8710135,90.4003602","2018-10-10 21:37:12","2018-10-10 21:37:12",NULL
3195659326,37390468,"RIDECOORDS","23.8710135,90.4003602","2018-10-10 21:37:13","2018-10-10 21:37:13",NULL
3195660514,37390468,"RIDECOORDS","23.8712924,90.400402","2018-10-10 21:37:16","2018-10-10 21:37:16",NULL
3195661081,37390468,"RIDECOORDS","23.8710135,90.4003602","2018-10-10 21:37:18","2018-10-10 21:37:18",NULL
3195661782,37390468,"RIDECOORDS","23.871397,90.4004301","2018-10-10 21:37:19","2018-10-10 21:37:19",NULL
3195663151,37390468,"RIDECOORDS","23.8715563,90.4004124","2018-10-10 21:37:22","2018-10-10 21:37:22",NULL
3195665020,37390468,"RIDECOORDS","23.8718222,90.400381","2018-10-10 21:37:27","2018-10-10 21:37:27",NULL
3195666938,37390468,"RIDECOORDS","23.8721738,90.4003747","2018-10-10 21:37:30","2018-10-10 21:37:30",NULL
3195668833,37390468,"RIDECOORDS","23.872462,90.4003698","2018-10-10 21:37:35","2018-10-10 21:37:35",NULL
3195670422,37390468,"RIDECOORDS","23.8727123,90.4003729","2018-10-10 21:37:38","2018-10-10 21:37:38",NULL
3195671739,37390468,"RIDECOORDS","23.8730161,90.4003549","2018-10-10 21:37:42","2018-10-10 21:37:42",NULL
3195673673,37390468,"RIDECOORDS","23.8734464,90.4003425","2018-10-10 21:37:45","2018-10-10 21:37:45",NULL
3195675045,37390468,"RIDECOORDS","23.8736619,90.4003269","2018-10-10 21:37:48","2018-10-10 21:37:48",NULL
3195676730,37390468,"RIDECOORDS","23.8738836,90.4003265","2018-10-10 21:37:52","2018-10-10 21:37:52",NULL
3195679070,37390468,"RIDECOORDS","23.8740514,90.4003386","2018-10-10 21:37:56","2018-10-10 21:37:56",NULL
3195680227,37390468,"RIDECOORDS","23.8741199,90.4003328","2018-10-10 21:38:00","2018-10-10 21:38:00",NULL
3195681943,37390468,"RIDECOORDS","23.8741932,90.4003252","2018-10-10 21:38:03","2018-10-10 21:38:03",NULL
3195684328,37390468,"RIDECOORDS","23.8742473,90.400327","2018-10-10 21:38:09","2018-10-10 21:38:09",NULL
3195684956,37390468,"RIDECOORDS","23.8743435,90.4003316","2018-10-10 21:38:10","2018-10-10 21:38:10",NULL
3195686909,37390468,"RIDECOORDS","23.874466,90.4003474","2018-10-10 21:38:14","2018-10-10 21:38:14",NULL
3195688161,37390468,"RIDECOORDS","23.8745314,90.400349","2018-10-10 21:38:17","2018-10-10 21:38:17",NULL
3195689683,37390468,"RIDECOORDS","23.8745782,90.4002983","2018-10-10 21:38:20","2018-10-10 21:38:20",NULL
3195691126,37390468,"RIDECOORDS","23.8745799,90.400134","2018-10-10 21:38:23","2018-10-10 21:38:23",NULL
3195692844,37390468,"RIDECOORDS","23.8745899,90.3999403","2018-10-10 21:38:27","2018-10-10 21:38:27",NULL
3195695891,37390468,"RIDECOORDS","23.8745916,90.3997658","2018-10-10 21:38:34","2018-10-10 21:38:34",NULL
3195701284,37390468,"RIDECOORDS","23.8745916,90.3997658","2018-10-10 21:38:48","2018-10-10 21:38:48",NULL
3195701384,37390468,"RIDECOORDS","23.8746141,90.3991939","2018-10-10 21:38:49","2018-10-10 21:38:49",NULL
3195704433,37390468,"RIDECOORDS","23.8746106,90.3987918","2018-10-10 21:38:57","2018-10-10 21:38:57",NULL
3195706816,37390468,"RIDECOORDS","23.8746069,90.3974786","2018-10-10 21:39:03","2018-10-10 21:39:03",NULL
3195707087,37390468,"RIDECOORDS","23.8745733,90.3972861","2018-10-10 21:39:04","2018-10-10 21:39:04",NULL
3195707741,37390468,"RIDECOORDS","23.8745746,90.3969173","2018-10-10 21:39:05","2018-10-10 21:39:05",NULL
3195714070,37390468,"RIDECOORDS","23.8745408,90.3961929","2018-10-10 21:39:18","2018-10-10 21:39:18",NULL
3195717796,37390468,"RIDECOORDS","23.874457,90.3947083","2018-10-10 21:39:29","2018-10-10 21:39:29",NULL
3195717822,37390468,"RIDECOORDS","23.8744921,90.3954956","2018-10-10 21:39:29","2018-10-10 21:39:29",NULL
3195717823,37390468,"RIDECOORDS","23.8744709,90.3950658","2018-10-10 21:39:29","2018-10-10 21:39:29",NULL
3195719121,37390468,"RIDECOORDS","23.8744471,90.3943151","2018-10-10 21:39:32","2018-10-10 21:39:32",NULL
3195719445,37390468,"RIDECOORDS","23.8745116,90.3957916","2018-10-10 21:39:33","2018-10-10 21:39:33",NULL
3195719593,37390468,"RIDECOORDS","23.8745408,90.3961929","2018-10-10 21:39:33","2018-10-10 21:39:33",NULL
3195721368,37390468,"RIDECOORDS","23.8744172,90.3939381","2018-10-10 21:39:38","2018-10-10 21:39:38",NULL
3195722759,37390468,"RIDECOORDS","23.8743994,90.393707","2018-10-10 21:39:39","2018-10-10 21:39:39",NULL
3195725362,37390468,"RIDECOORDS","23.8743973,90.3934899","2018-10-10 21:39:46","2018-10-10 21:39:46",NULL
3195726045,37390468,"RIDECOORDS","23.8743973,90.3934899","2018-10-10 21:39:48","2018-10-10 21:39:48",NULL
3195728272,37390468,"RIDECOORDS","23.874388,90.3932365","2018-10-10 21:39:53","2018-10-10 21:39:53",NULL
3195728785,37390468,"RIDECOORDS","23.8743986,90.3927249","2018-10-10 21:39:54","2018-10-10 21:39:54",NULL
3195732241,37390468,"RIDECOORDS","23.874388,90.3932365","2018-10-10 21:40:02","2018-10-10 21:40:02",NULL
3195732244,37390468,"RIDECOORDS","23.8744026,90.3920143","2018-10-10 21:40:02","2018-10-10 21:40:02",NULL
3195736621,37390468,"RIDECOORDS","23.8744155,90.3916188","2018-10-10 21:40:11","2018-10-10 21:40:11",NULL
3195739243,37390468,"RIDECOORDS","23.8744537,90.3910933","2018-10-10 21:40:18","2018-10-10 21:40:18",NULL
3195739245,37390468,"RIDECOORDS","23.8744318,90.3913221","2018-10-10 21:40:18","2018-10-10 21:40:18",NULL
3195740238,37390468,"RIDECOORDS","23.8744667,90.3907558","2018-10-10 21:40:20","2018-10-10 21:40:20",NULL
3195741924,37390468,"RIDECOORDS","23.8745299,90.3907321","2018-10-10 21:40:24","2018-10-10 21:40:24",NULL
3195742400,37390468,"RIDECOORDS","23.8744527,90.3909351","2018-10-10 21:40:26","2018-10-10 21:40:26",NULL
3195744866,37390468,"RIDECOORDS","23.8744457,90.3907961","2018-10-10 21:40:32","2018-10-10 21:40:32",NULL
3195746444,37390468,"RIDECOORDS","23.8747489,90.3907559","2018-10-10 21:40:35","2018-10-10 21:40:35",NULL
3195747640,37390468,"RIDECOORDS","23.8748382,90.3907708","2018-10-10 21:40:38","2018-10-10 21:40:38",NULL
3195749265,37390468,"RIDECOORDS","23.8750733,90.3907766","2018-10-10 21:40:42","2018-10-10 21:40:42",NULL
3195749318,37390468,"RIDECOORDS","23.8745875,90.3907449","2018-10-10 21:40:43","2018-10-10 21:40:43",NULL
3195750490,37390468,"RIDECOORDS","23.87517,90.3907661","2018-10-10 21:40:45","2018-10-10 21:40:45",NULL
3195751699,37390468,"RIDECOORDS","23.8752624,90.3907583","2018-10-10 21:40:48","2018-10-10 21:40:48",NULL
3195753060,37390468,"RIDECOORDS","23.8754467,90.3907814","2018-10-10 21:40:52","2018-10-10 21:40:52",NULL
3195754838,37390468,"RIDECOORDS","23.8756789,90.390766","2018-10-10 21:40:56","2018-10-10 21:40:56",NULL
3195756567,37390468,"RIDECOORDS","23.8758658,90.3907541","2018-10-10 21:41:00","2018-10-10 21:41:00",NULL
3195758427,37390468,"RIDECOORDS","23.876025,90.3907817","2018-10-10 21:41:05","2018-10-10 21:41:05",NULL
3195759741,37390468,"RIDECOORDS","23.8762576,90.3907824","2018-10-10 21:41:08","2018-10-10 21:41:08",NULL
3195764632,37390468,"RIDECOORDS","23.8773541,90.3907606","2018-10-10 21:41:20","2018-10-10 21:41:20",NULL
3195766014,37390468,"RIDECOORDS","23.8777306,90.390737","2018-10-10 21:41:24","2018-10-10 21:41:24",NULL
3195767445,37390468,"RIDECOORDS","23.8781209,90.390701","2018-10-10 21:41:28","2018-10-10 21:41:28",NULL
3195768468,37390468,"RIDECOORDS","23.8785567,90.3906774","2018-10-10 21:41:32","2018-10-10 21:41:32",NULL
3195769374,37390468,"RIDECOORDS","23.8788207,90.3906739","2018-10-10 21:41:35","2018-10-10 21:41:35",NULL
3195770252,37390468,"RIDECOORDS","23.8790723,90.3906922","2018-10-10 21:41:38","2018-10-10 21:41:38",NULL
3195772087,37390468,"RIDECOORDS","23.8793515,90.3906694","2018-10-10 21:41:43","2018-10-10 21:41:43",NULL
3195773828,37390468,"RIDECOORDS","23.8795629,90.3906002","2018-10-10 21:41:46","2018-10-10 21:41:46",NULL
3195775418,37390468,"RIDECOORDS","23.8797,90.390542","2018-10-10 21:41:50","2018-10-10 21:41:50",NULL
3195776763,37390468,"RIDECOORDS","23.8797691,90.3905153","2018-10-10 21:41:53","2018-10-10 21:41:53",NULL
3195778509,37390468,"RIDECOORDS","23.8799587,90.390444","2018-10-10 21:41:57","2018-10-10 21:41:57",NULL
3195779902,37390468,"RIDECOORDS","23.8801255,90.3903925","2018-10-10 21:42:00","2018-10-10 21:42:00",NULL
3195781617,37390468,"RIDECOORDS","23.8802822,90.3903585","2018-10-10 21:42:04","2018-10-10 21:42:04",NULL
3195783379,37390468,"RIDECOORDS","23.8803517,90.3903511","2018-10-10 21:42:08","2018-10-10 21:42:08",NULL
3195784791,37390468,"RIDECOORDS","23.8803654,90.390352","2018-10-10 21:42:11","2018-10-10 21:42:11",NULL
3195786484,37390468,"RIDECOORDS","23.8803734,90.3903526","2018-10-10 21:42:15","2018-10-10 21:42:15",NULL
3195788160,37390468,"RIDECOORDS","23.8803958,90.3903826","2018-10-10 21:42:19","2018-10-10 21:42:19",NULL
3195791242,37390468,"RIDECOORDS","23.880486,90.3905075","2018-10-10 21:42:27","2018-10-10 21:42:27",NULL
3195794013,37390468,"RIDECOORDS","23.8805153,90.3905818","2018-10-10 21:42:34","2018-10-10 21:42:34",NULL
3195794315,37390468,"RIDECOORDS","23.8805446,90.3906679","2018-10-10 21:42:35","2018-10-10 21:42:35",NULL
3195797241,37390468,"RIDECOORDS","23.8805563,90.390725","2018-10-10 21:42:42","2018-10-10 21:42:42",NULL
3195800174,37390468,"RIDECOORDS","23.8805608,90.3907473","2018-10-10 21:42:49","2018-10-10 21:42:49",NULL
3195800265,37390468,"RIDECOORDS","23.8806123,90.3909235","2018-10-10 21:42:49","2018-10-10 21:42:49",NULL
3195801032,37390468,"RIDECOORDS","23.8806376,90.391023","2018-10-10 21:42:51","2018-10-10 21:42:51",NULL
3195803494,37390468,"RIDECOORDS","23.8805695,90.3907828","2018-10-10 21:42:49","2018-10-10 21:42:49",NULL
3195804578,37390468,"RIDECOORDS","23.8807737,90.391113","2018-10-10 21:42:59","2018-10-10 21:42:59",NULL
3195805760,37390468,"RIDECOORDS","23.8808649,90.3910749","2018-10-10 21:43:01","2018-10-10 21:43:01",NULL
3195806024,37390468,"RIDECOORDS","23.8807013,90.3910968","2018-10-10 21:43:02","2018-10-10 21:43:02",NULL
3195808778,37390468,"RIDECOORDS","23.8809483,90.3910647","2018-10-10 21:43:08","2018-10-10 21:43:08",NULL
3195809824,37390468,"RIDECOORDS","23.8809536,90.3910647","2018-10-10 21:43:11","2018-10-10 21:43:11",NULL
3195810324,37390468,"RIDECOORDS","23.8807013,90.3910968","2018-10-10 21:43:13","2018-10-10 21:43:13",NULL
3195814321,37390468,"RIDECOORDS","23.8810055,90.3910629","2018-10-10 21:43:24","2018-10-10 21:43:24",NULL
3195815967,37390468,"RIDECOORDS","23.8810055,90.3910629","2018-10-10 21:43:27","2018-10-10 21:43:27",NULL
3195816380,37390468,"RIDECOORDS","23.8814117,90.3909784","2018-10-10 21:43:28","2018-10-10 21:43:28",NULL
3195816382,37390468,"RIDECOORDS","23.8814759,90.3909601","2018-10-10 21:43:28","2018-10-10 21:43:28",NULL
3195816400,37390468,"RIDECOORDS","23.8816737,90.3908906","2018-10-10 21:43:28","2018-10-10 21:43:28",NULL
3195817598,37390468,"RIDECOORDS","23.8812502,90.3910253","2018-10-10 21:43:31","2018-10-10 21:43:31",NULL
3195817696,37390468,"RIDECOORDS","23.8818645,90.390812","2018-10-10 21:43:31","2018-10-10 21:43:31",NULL
3195819522,37390468,"RIDECOORDS","23.8819304,90.3907879","2018-10-10 21:43:35","2018-10-10 21:43:35",NULL
3195820652,37390468,"RIDECOORDS","23.8820044,90.3906995","2018-10-10 21:43:38","2018-10-10 21:43:38",NULL
3195823823,37390468,"RIDECOORDS","23.8819348,90.3904543","2018-10-10 21:43:45","2018-10-10 21:43:45",NULL
3195824138,37390468,"RIDECOORDS","23.8818738,90.3902239","2018-10-10 21:43:46","2018-10-10 21:43:46",NULL
3195825247,37390468,"RIDECOORDS","23.8818344,90.3900003","2018-10-10 21:43:48","2018-10-10 21:43:48",NULL
3195826636,37390468,"RIDECOORDS","23.8819348,90.3904543","2018-10-10 21:43:51","2018-10-10 21:43:51",NULL
3195827006,37390468,"RIDECOORDS","23.8817506,90.3897748","2018-10-10 21:43:52","2018-10-10 21:43:52",NULL
3195830689,37390468,"RIDECOORDS","23.8817062,90.3896461","2018-10-10 21:44:00","2018-10-10 21:44:00",NULL
3195830943,37390468,"RIDECOORDS","23.8817001,90.3895888","2018-10-10 21:44:01","2018-10-10 21:44:01",NULL
3195831353,37390468,"RIDECOORDS","23.8817062,90.3896461","2018-10-10 21:44:02","2018-10-10 21:44:02",NULL
3195831465,37390468,"RIDECOORDS","23.881653,90.3894403","2018-10-10 21:44:02","2018-10-10 21:44:02",NULL
3195832782,37390468,"RIDECOORDS","23.8816141,90.3892762","2018-10-10 21:44:05","2018-10-10 21:44:05",NULL
3195834410,37390468,"RIDECOORDS","23.8815941,90.3891371","2018-10-10 21:44:09","2018-10-10 21:44:09",NULL
3195835775,37390468,"RIDECOORDS","23.8815876,90.3890931","2018-10-10 21:44:13","2018-10-10 21:44:13",NULL
3195836849,37390468,"RIDECOORDS","23.8815861,90.3890832","2018-10-10 21:44:16","2018-10-10 21:44:16",NULL
3195837919,37390468,"RIDECOORDS","23.8815857,90.3890805","2018-10-10 21:44:19","2018-10-10 21:44:19",NULL
3195838968,37390468,"RIDECOORDS","23.8815856,90.3890795","2018-10-10 21:44:22","2018-10-10 21:44:22",NULL
